{
    "spectral": {
        "description": "Spectral Bands Only",
        "test_accuracy": 0.7061659693717957,
        "test_loss": 1.0450800657272339,
        "precision": 0.7076092413115083,
        "recall": 0.559452418038716,
        "f1_score": 0.5479143554560302,
        "per_class_accuracy": {
            "alder": 0.825531914893617,
            "birch": 0.7418032786885246,
            "black pine": 0.23404255319148937,
            "cherry": 0.043478260869565216,
            "douglas fir": 0.7108433734939759,
            "english oak": 0.8167202572347267,
            "european ash": 0.5,
            "european beech": 0.890625,
            "european larch": 0.5641025641025641,
            "japanese larch": 0.9090909090909091,
            "linden": 0.05263157894736842,
            "norway spruce": 0.8412017167381974,
            "poplar": 0.06818181818181818,
            "red oak": 0.33532934131736525,
            "scots pine": 0.809076682316119,
            "sessile oak": 0.7574257425742574,
            "silver fir": 0.5866666666666667,
            "sycamore maple": 0.07920792079207921,
            "weymouth pine": 0.8636363636363636
        }
    },
    "spectral_veg": {
        "description": "Spectral + Vegetation Indices",
        "test_accuracy": 0.701598584651947,
        "test_loss": 1.0727627277374268,
        "precision": 0.6378786237144705,
        "recall": 0.5306541383708054,
        "f1_score": 0.5301685624092068,
        "per_class_accuracy": {
            "alder": 0.40425531914893614,
            "birch": 0.5327868852459017,
            "black pine": 0.23404255319148937,
            "cherry": 0.0,
            "douglas fir": 0.8554216867469879,
            "english oak": 0.8231511254019293,
            "european ash": 0.26126126126126126,
            "european beech": 0.8928571428571429,
            "european larch": 0.17094017094017094,
            "japanese larch": 0.5272727272727272,
            "linden": 0.0,
            "norway spruce": 0.8433476394849786,
            "poplar": 0.06818181818181818,
            "red oak": 0.8383233532934131,
            "scots pine": 0.9045383411580594,
            "sessile oak": 0.8366336633663366,
            "silver fir": 0.5733333333333334,
            "sycamore maple": 0.6039603960396039,
            "weymouth pine": 0.7121212121212122
        }
    },
    "spectral_dem": {
        "description": "Spectral + DEM",
        "test_accuracy": 0.7272266149520874,
        "test_loss": 0.7810493111610413,
        "precision": 0.6598216188880017,
        "recall": 0.5744820427265747,
        "f1_score": 0.5860469376397995,
        "per_class_accuracy": {
            "alder": 0.6127659574468085,
            "birch": 0.4262295081967213,
            "black pine": 0.3404255319148936,
            "cherry": 0.043478260869565216,
            "douglas fir": 0.8433734939759037,
            "english oak": 0.8520900321543409,
            "european ash": 0.6666666666666666,
            "european beech": 0.8928571428571429,
            "european larch": 0.717948717948718,
            "japanese larch": 0.703030303030303,
            "linden": 0.0,
            "norway spruce": 0.9377682403433476,
            "poplar": 0.1590909090909091,
            "red oak": 0.592814371257485,
            "scots pine": 0.8591549295774648,
            "sessile oak": 0.6534653465346535,
            "silver fir": 0.7866666666666666,
            "sycamore maple": 0.297029702970297,
            "weymouth pine": 0.5303030303030303
        }
    },
    "all_features": {
        "description": "Spectral + Vegetation Indices + DEM",
        "test_accuracy": 0.6939862966537476,
        "test_loss": 0.9814664721488953,
        "precision": 0.6979766659782453,
        "recall": 0.5995275561853941,
        "f1_score": 0.5870198092285188,
        "per_class_accuracy": {
            "alder": 0.7148936170212766,
            "birch": 0.6680327868852459,
            "black pine": 0.19148936170212766,
            "cherry": 0.08695652173913043,
            "douglas fir": 0.5863453815261044,
            "english oak": 0.8778135048231511,
            "european ash": 0.3333333333333333,
            "european beech": 0.8348214285714286,
            "european larch": 0.38461538461538464,
            "japanese larch": 0.8181818181818182,
            "linden": 0.05263157894736842,
            "norway spruce": 0.6759656652360515,
            "poplar": 0.5227272727272727,
            "red oak": 0.6107784431137725,
            "scots pine": 0.7464788732394366,
            "sessile oak": 0.905940594059406,
            "silver fir": 0.8666666666666667,
            "sycamore maple": 0.5891089108910891,
            "weymouth pine": 0.9242424242424242
        }
    }
}