{
    "alder": {
        "precision": 0.5387205387205387,
        "recall": 0.4968944099378882,
        "f1-score": 0.5169628432956381,
        "support": 322.0
    },
    "birch": {
        "precision": 0.4808362369337979,
        "recall": 0.372972972972973,
        "f1-score": 0.4200913242009132,
        "support": 370.0
    },
    "black pine": {
        "precision": 0.35353535353535354,
        "recall": 0.5645161290322581,
        "f1-score": 0.4347826086956522,
        "support": 62.0
    },
    "cherry": {
        "precision": 0.2391304347826087,
        "recall": 0.5945945945945946,
        "f1-score": 0.34108527131782945,
        "support": 37.0
    },
    "douglas fir": {
        "precision": 0.6918918918918919,
        "recall": 0.7804878048780488,
        "f1-score": 0.7335243553008597,
        "support": 328.0
    },
    "english oak": {
        "precision": 0.531317494600432,
        "recall": 0.5843230403800475,
        "f1-score": 0.5565610859728507,
        "support": 421.0
    },
    "european ash": {
        "precision": 0.43175487465181056,
        "recall": 0.46827794561933533,
        "f1-score": 0.44927536231884063,
        "support": 331.0
    },
    "european beech": {
        "precision": 0.7225225225225225,
        "recall": 0.561624649859944,
        "f1-score": 0.6319936958234831,
        "support": 714.0
    },
    "european larch": {
        "precision": 0.36585365853658536,
        "recall": 0.5263157894736842,
        "f1-score": 0.4316546762589928,
        "support": 171.0
    },
    "japanese larch": {
        "precision": 0.621160409556314,
        "recall": 0.7520661157024794,
        "f1-score": 0.680373831775701,
        "support": 242.0
    },
    "linden": {
        "precision": 0.375,
        "recall": 0.375,
        "f1-score": 0.375,
        "support": 24.0
    },
    "norway spruce": {
        "precision": 0.721958925750395,
        "recall": 0.6044973544973545,
        "f1-score": 0.6580273578113751,
        "support": 756.0
    },
    "poplar": {
        "precision": 0.2804878048780488,
        "recall": 0.39655172413793105,
        "f1-score": 0.3285714285714286,
        "support": 58.0
    },
    "red oak": {
        "precision": 0.6007905138339921,
        "recall": 0.6940639269406392,
        "f1-score": 0.6440677966101693,
        "support": 219.0
    },
    "scots pine": {
        "precision": 0.8346055979643766,
        "recall": 0.8108776266996292,
        "f1-score": 0.8225705329153606,
        "support": 809.0
    },
    "sessile oak": {
        "precision": 0.5055762081784386,
        "recall": 0.42902208201892744,
        "f1-score": 0.4641638225255973,
        "support": 317.0
    },
    "silver fir": {
        "precision": 0.5460122699386503,
        "recall": 0.7355371900826446,
        "f1-score": 0.6267605633802816,
        "support": 121.0
    },
    "sycamore maple": {
        "precision": 0.43874643874643876,
        "recall": 0.49044585987261147,
        "f1-score": 0.46315789473684216,
        "support": 314.0
    },
    "weymouth pine": {
        "precision": 0.6461538461538462,
        "recall": 0.5915492957746479,
        "f1-score": 0.6176470588235294,
        "support": 71.0
    },
    "accuracy": 0.5983822753648672,
    "macro avg": {
        "precision": 0.5224239484829496,
        "recall": 0.569979921709244,
        "f1-score": 0.5366458689650182,
        "support": 5687.0
    },
    "weighted avg": {
        "precision": 0.6140777428436259,
        "recall": 0.5983822753648672,
        "f1-score": 0.6012126749893353,
        "support": 5687.0
    }
}