{
    "alder": {
        "precision": 0.6721854304635762,
        "recall": 0.6304347826086957,
        "f1-score": 0.6506410256410255,
        "support": 322.0
    },
    "birch": {
        "precision": 0.5589887640449438,
        "recall": 0.5378378378378378,
        "f1-score": 0.5482093663911846,
        "support": 370.0
    },
    "black pine": {
        "precision": 0.8076923076923077,
        "recall": 0.6774193548387096,
        "f1-score": 0.7368421052631579,
        "support": 62.0
    },
    "cherry": {
        "precision": 0.6842105263157895,
        "recall": 0.7027027027027027,
        "f1-score": 0.6933333333333334,
        "support": 37.0
    },
    "douglas fir": {
        "precision": 0.8476190476190476,
        "recall": 0.8140243902439024,
        "f1-score": 0.8304821150855364,
        "support": 328.0
    },
    "english oak": {
        "precision": 0.682648401826484,
        "recall": 0.7102137767220903,
        "f1-score": 0.6961583236321305,
        "support": 421.0
    },
    "european ash": {
        "precision": 0.6358024691358025,
        "recall": 0.622356495468278,
        "f1-score": 0.6290076335877863,
        "support": 331.0
    },
    "european beech": {
        "precision": 0.7232620320855615,
        "recall": 0.757703081232493,
        "f1-score": 0.7400820793433653,
        "support": 714.0
    },
    "european larch": {
        "precision": 0.6813186813186813,
        "recall": 0.7251461988304093,
        "f1-score": 0.7025495750708216,
        "support": 171.0
    },
    "japanese larch": {
        "precision": 0.8836206896551724,
        "recall": 0.8471074380165289,
        "f1-score": 0.8649789029535865,
        "support": 242.0
    },
    "linden": {
        "precision": 0.6190476190476191,
        "recall": 0.5416666666666666,
        "f1-score": 0.5777777777777778,
        "support": 24.0
    },
    "norway spruce": {
        "precision": 0.7777777777777778,
        "recall": 0.8148148148148148,
        "f1-score": 0.7958656330749354,
        "support": 756.0
    },
    "poplar": {
        "precision": 0.6923076923076923,
        "recall": 0.6206896551724138,
        "f1-score": 0.6545454545454545,
        "support": 58.0
    },
    "red oak": {
        "precision": 0.8113207547169812,
        "recall": 0.7853881278538812,
        "f1-score": 0.7981438515081206,
        "support": 219.0
    },
    "scots pine": {
        "precision": 0.8993464052287582,
        "recall": 0.8504326328800988,
        "f1-score": 0.8742058449809402,
        "support": 809.0
    },
    "sessile oak": {
        "precision": 0.7029702970297029,
        "recall": 0.6719242902208202,
        "f1-score": 0.6870967741935484,
        "support": 317.0
    },
    "silver fir": {
        "precision": 0.7338129496402878,
        "recall": 0.8429752066115702,
        "f1-score": 0.7846153846153846,
        "support": 121.0
    },
    "sycamore maple": {
        "precision": 0.523121387283237,
        "recall": 0.5764331210191083,
        "f1-score": 0.5484848484848485,
        "support": 314.0
    },
    "weymouth pine": {
        "precision": 0.8142857142857143,
        "recall": 0.8028169014084507,
        "f1-score": 0.8085106382978723,
        "support": 71.0
    },
    "accuracy": 0.7367680675224195,
    "macro avg": {
        "precision": 0.7237546814460599,
        "recall": 0.7122151302710249,
        "f1-score": 0.7169226667253058,
        "support": 5687.0
    },
    "weighted avg": {
        "precision": 0.7390973319412307,
        "recall": 0.7367680675224195,
        "f1-score": 0.7373220681034992,
        "support": 5687.0
    }
}