{
    "alder": {
        "precision": 0.6327272727272727,
        "recall": 0.4142857142857143,
        "f1-score": 0.5007194244604317,
        "support": 420.0
    },
    "birch": {
        "precision": 0.30180180180180183,
        "recall": 0.37960339943342775,
        "f1-score": 0.33626097867001253,
        "support": 353.0
    },
    "black pine": {
        "precision": 0.09090909090909091,
        "recall": 0.1111111111111111,
        "f1-score": 0.09999999999999999,
        "support": 9.0
    },
    "cherry": {
        "precision": 0.35294117647058826,
        "recall": 0.10526315789473684,
        "f1-score": 0.16216216216216214,
        "support": 57.0
    },
    "douglas fir": {
        "precision": 0.7866108786610879,
        "recall": 0.7430830039525692,
        "f1-score": 0.7642276422764228,
        "support": 506.0
    },
    "english oak": {
        "precision": 0.5728813559322034,
        "recall": 0.524031007751938,
        "f1-score": 0.5473684210526316,
        "support": 645.0
    },
    "european ash": {
        "precision": 0.33826247689463956,
        "recall": 0.4236111111111111,
        "f1-score": 0.3761562178828366,
        "support": 432.0
    },
    "european beech": {
        "precision": 0.7557531380753139,
        "recall": 0.8485026423957722,
        "f1-score": 0.7994467496542186,
        "support": 1703.0
    },
    "european larch": {
        "precision": 0.4838709677419355,
        "recall": 0.6787330316742082,
        "f1-score": 0.5649717514124294,
        "support": 221.0
    },
    "japanese larch": {
        "precision": 0.5932203389830508,
        "recall": 0.5185185185185185,
        "f1-score": 0.5533596837944664,
        "support": 135.0
    },
    "linden": {
        "precision": 0.14285714285714285,
        "recall": 0.0196078431372549,
        "f1-score": 0.034482758620689655,
        "support": 51.0
    },
    "norway spruce": {
        "precision": 0.7901234567901234,
        "recall": 0.7721179624664879,
        "f1-score": 0.7810169491525424,
        "support": 746.0
    },
    "poplar": {
        "precision": 0.6557377049180327,
        "recall": 0.5194805194805194,
        "f1-score": 0.5797101449275361,
        "support": 77.0
    },
    "red oak": {
        "precision": 0.7620967741935484,
        "recall": 0.49606299212598426,
        "f1-score": 0.6009538950715421,
        "support": 381.0
    },
    "scots pine": {
        "precision": 0.8735733099209834,
        "recall": 0.8277870216306157,
        "f1-score": 0.8500640751815465,
        "support": 1202.0
    },
    "sessile oak": {
        "precision": 0.4568106312292359,
        "recall": 0.5578093306288032,
        "f1-score": 0.502283105022831,
        "support": 493.0
    },
    "silver fir": {
        "precision": 0.6666666666666666,
        "recall": 0.6242774566473989,
        "f1-score": 0.6447761194029851,
        "support": 173.0
    },
    "sycamore maple": {
        "precision": 0.4977843426883309,
        "recall": 0.46482758620689657,
        "f1-score": 0.4807417974322396,
        "support": 725.0
    },
    "weymouth pine": {
        "precision": 0.26666666666666666,
        "recall": 0.36363636363636365,
        "f1-score": 0.30769230769230765,
        "support": 22.0
    },
    "accuracy": 0.6473476230391569,
    "macro avg": {
        "precision": 0.5274365891646166,
        "recall": 0.4943341986362858,
        "f1-score": 0.4992839044142017,
        "support": 8351.0
    },
    "weighted avg": {
        "precision": 0.6557122509758535,
        "recall": 0.6473476230391569,
        "f1-score": 0.6462305391410371,
        "support": 8351.0
    }
}