{
    "alder": {
        "precision": 0.4805194805194805,
        "recall": 0.45962732919254656,
        "f1-score": 0.4698412698412698,
        "support": 322.0
    },
    "birch": {
        "precision": 0.3852040816326531,
        "recall": 0.4081081081081081,
        "f1-score": 0.39632545931758534,
        "support": 370.0
    },
    "black pine": {
        "precision": 0.5463917525773195,
        "recall": 0.8548387096774194,
        "f1-score": 0.6666666666666666,
        "support": 62.0
    },
    "cherry": {
        "precision": 0.36363636363636365,
        "recall": 0.5405405405405406,
        "f1-score": 0.4347826086956522,
        "support": 37.0
    },
    "douglas fir": {
        "precision": 0.7613293051359517,
        "recall": 0.7682926829268293,
        "f1-score": 0.7647951441578148,
        "support": 328.0
    },
    "english oak": {
        "precision": 0.5489130434782609,
        "recall": 0.47980997624703087,
        "f1-score": 0.5120405576679341,
        "support": 421.0
    },
    "european ash": {
        "precision": 0.47586206896551725,
        "recall": 0.4169184290030212,
        "f1-score": 0.4444444444444445,
        "support": 331.0
    },
    "european beech": {
        "precision": 0.6807639836289222,
        "recall": 0.6988795518207283,
        "f1-score": 0.6897028334485141,
        "support": 714.0
    },
    "european larch": {
        "precision": 0.4854368932038835,
        "recall": 0.5847953216374269,
        "f1-score": 0.5305039787798408,
        "support": 171.0
    },
    "japanese larch": {
        "precision": 0.7339055793991416,
        "recall": 0.7066115702479339,
        "f1-score": 0.72,
        "support": 242.0
    },
    "linden": {
        "precision": 0.3548387096774194,
        "recall": 0.4583333333333333,
        "f1-score": 0.39999999999999997,
        "support": 24.0
    },
    "norway spruce": {
        "precision": 0.7456492637215528,
        "recall": 0.7367724867724867,
        "f1-score": 0.7411842980705257,
        "support": 756.0
    },
    "poplar": {
        "precision": 0.5238095238095238,
        "recall": 0.5689655172413793,
        "f1-score": 0.5454545454545455,
        "support": 58.0
    },
    "red oak": {
        "precision": 0.5877862595419847,
        "recall": 0.7031963470319634,
        "f1-score": 0.6403326403326404,
        "support": 219.0
    },
    "scots pine": {
        "precision": 0.8417721518987342,
        "recall": 0.8220024721878862,
        "f1-score": 0.8317698561601,
        "support": 809.0
    },
    "sessile oak": {
        "precision": 0.5789473684210527,
        "recall": 0.5205047318611987,
        "f1-score": 0.5481727574750832,
        "support": 317.0
    },
    "silver fir": {
        "precision": 0.636986301369863,
        "recall": 0.768595041322314,
        "f1-score": 0.6966292134831461,
        "support": 121.0
    },
    "sycamore maple": {
        "precision": 0.44981412639405205,
        "recall": 0.3853503184713376,
        "f1-score": 0.41509433962264153,
        "support": 314.0
    },
    "weymouth pine": {
        "precision": 0.7160493827160493,
        "recall": 0.8169014084507042,
        "f1-score": 0.7631578947368421,
        "support": 71.0
    },
    "accuracy": 0.6314401266045366,
    "macro avg": {
        "precision": 0.5735587178804067,
        "recall": 0.6157391513723256,
        "f1-score": 0.590047289913434,
        "support": 5687.0
    },
    "weighted avg": {
        "precision": 0.632071794470547,
        "recall": 0.6314401266045366,
        "f1-score": 0.6301353406507951,
        "support": 5687.0
    }
}