{
    "alder": {
        "precision": 0.538235294117647,
        "recall": 0.5683229813664596,
        "f1-score": 0.552870090634441,
        "support": 322.0
    },
    "birch": {
        "precision": 0.46855345911949686,
        "recall": 0.4027027027027027,
        "f1-score": 0.433139534883721,
        "support": 370.0
    },
    "black pine": {
        "precision": 0.6714285714285714,
        "recall": 0.7580645161290323,
        "f1-score": 0.7121212121212119,
        "support": 62.0
    },
    "cherry": {
        "precision": 0.7777777777777778,
        "recall": 0.5675675675675675,
        "f1-score": 0.65625,
        "support": 37.0
    },
    "douglas fir": {
        "precision": 0.8252427184466019,
        "recall": 0.7774390243902439,
        "f1-score": 0.8006279434850864,
        "support": 328.0
    },
    "english oak": {
        "precision": 0.6036866359447005,
        "recall": 0.6223277909738717,
        "f1-score": 0.6128654970760233,
        "support": 421.0
    },
    "european ash": {
        "precision": 0.5844594594594594,
        "recall": 0.5226586102719033,
        "f1-score": 0.5518341307814992,
        "support": 331.0
    },
    "european beech": {
        "precision": 0.7074829931972789,
        "recall": 0.7282913165266106,
        "f1-score": 0.717736369910283,
        "support": 714.0
    },
    "european larch": {
        "precision": 0.5137614678899083,
        "recall": 0.6549707602339181,
        "f1-score": 0.5758354755784062,
        "support": 171.0
    },
    "japanese larch": {
        "precision": 0.8144796380090498,
        "recall": 0.743801652892562,
        "f1-score": 0.7775377969762418,
        "support": 242.0
    },
    "linden": {
        "precision": 0.7142857142857143,
        "recall": 0.625,
        "f1-score": 0.6666666666666666,
        "support": 24.0
    },
    "norway spruce": {
        "precision": 0.7612903225806451,
        "recall": 0.7804232804232805,
        "f1-score": 0.7707380796864794,
        "support": 756.0
    },
    "poplar": {
        "precision": 0.6666666666666666,
        "recall": 0.5862068965517241,
        "f1-score": 0.6238532110091743,
        "support": 58.0
    },
    "red oak": {
        "precision": 0.6861924686192469,
        "recall": 0.7488584474885844,
        "f1-score": 0.7161572052401746,
        "support": 219.0
    },
    "scots pine": {
        "precision": 0.8424908424908425,
        "recall": 0.8529048207663782,
        "f1-score": 0.8476658476658476,
        "support": 809.0
    },
    "sessile oak": {
        "precision": 0.6791808873720137,
        "recall": 0.6277602523659306,
        "f1-score": 0.6524590163934426,
        "support": 317.0
    },
    "silver fir": {
        "precision": 0.5950920245398773,
        "recall": 0.8016528925619835,
        "f1-score": 0.6830985915492958,
        "support": 121.0
    },
    "sycamore maple": {
        "precision": 0.5298245614035088,
        "recall": 0.48089171974522293,
        "f1-score": 0.5041736227045074,
        "support": 314.0
    },
    "weymouth pine": {
        "precision": 0.726027397260274,
        "recall": 0.7464788732394366,
        "f1-score": 0.736111111111111,
        "support": 71.0
    },
    "accuracy": 0.6848953754176191,
    "macro avg": {
        "precision": 0.6687452052952253,
        "recall": 0.6629644266419691,
        "f1-score": 0.6627232317617692,
        "support": 5687.0
    },
    "weighted avg": {
        "precision": 0.6846995576642493,
        "recall": 0.6848953754176191,
        "f1-score": 0.6834208190530583,
        "support": 5687.0
    }
}