{
  "l1_leaf_types": {
    "classification_report": {
      "broadleaf": {
        "precision": 0.8774617067833698,
        "recall": 0.947094945677846,
        "f1-score": 0.91094956837801,
        "support": 2117
      },
      "needleleaf": {
        "precision": 0.9323671497584541,
        "recall": 0.8464912280701754,
        "f1-score": 0.8873563218390805,
        "support": 1824
      },
      "accuracy": 0.9005328596802842,
      "macro avg": {
        "precision": 0.904914428270912,
        "recall": 0.8967930868740107,
        "f1-score": 0.8991529451085453,
        "support": 3941
      },
      "weighted avg": {
        "precision": 0.9028734114234495,
        "recall": 0.9005328596802842,
        "f1-score": 0.9000299840879803,
        "support": 3941
      }
    },
    "weighted_precision": 0.9028734114234495,
    "weighted_recall": 0.9005328596802842,
    "weighted_f1_score": 0.9000299840879803
  },
  "l2_genus": {
    "classification_report": {
      "beech": {
        "precision": 0.5916542473919523,
        "recall": 0.8861607142857143,
        "f1-score": 0.709562109025916,
        "support": 448
      },
      "douglas fir": {
        "precision": 0.8726415094339622,
        "recall": 0.7429718875502008,
        "f1-score": 0.8026030368763557,
        "support": 249
      },
      "fir": {
        "precision": 0.75,
        "recall": 0.56,
        "f1-score": 0.6412213740458016,
        "support": 75
      },
      "larch": {
        "precision": 0.8622448979591837,
        "recall": 0.599290780141844,
        "f1-score": 0.707112970711297,
        "support": 282
      },
      "long-lived deciduous": {
        "precision": 0.6938775510204082,
        "recall": 0.5836909871244635,
        "f1-score": 0.634032634032634,
        "support": 466
      },
      "oak": {
        "precision": 0.6837899543378996,
        "recall": 0.8808823529411764,
        "f1-score": 0.7699228791773779,
        "support": 680
      },
      "pine": {
        "precision": 0.8947368421052632,
        "recall": 0.8590425531914894,
        "f1-score": 0.8765264586160109,
        "support": 752
      },
      "short-lived deciduous": {
        "precision": 0.708185053380783,
        "recall": 0.38049713193116635,
        "f1-score": 0.4950248756218906,
        "support": 523
      },
      "spruce": {
        "precision": 0.7009345794392523,
        "recall": 0.8047210300429185,
        "f1-score": 0.7492507492507492,
        "support": 466
      },
      "accuracy": 0.7317939609236235,
      "macro avg": {
        "precision": 0.7508960705631894,
        "recall": 0.699695270800997,
        "f1-score": 0.7094730097064481,
        "support": 3941
      },
      "weighted avg": {
        "precision": 0.7459869093708251,
        "recall": 0.7317939609236235,
        "f1-score": 0.723530312890131,
        "support": 3941
      }
    },
    "weighted_precision": 0.7459869093708251,
    "weighted_recall": 0.7317939609236235,
    "weighted_f1_score": 0.723530312890131
  },
  "l3_species": {
    "classification_report": {
      "alder": {
        "precision": 0.7523809523809524,
        "recall": 0.33617021276595743,
        "f1-score": 0.46470588235294114,
        "support": 235
      },
      "birch": {
        "precision": 0.3793103448275862,
        "recall": 0.3155737704918033,
        "f1-score": 0.3445190156599553,
        "support": 244
      },
      "black pine": {
        "precision": 0,
        "recall": 0,
        "f1-score": 0,
        "support": 47
      },
      "cherry": {
        "precision": 0,
        "recall": 0,
        "f1-score": 0,
        "support": 23
      },
      "douglas fir": {
        "precision": 0.8532110091743119,
        "recall": 0.7469879518072289,
        "f1-score": 0.7965738758029979,
        "support": 249
      },
      "english oak": {
        "precision": 0.5172413793103449,
        "recall": 0.48231511254019294,
        "f1-score": 0.4991680532445924,
        "support": 311
      },
      "european ash": {
        "precision": 0.5643564356435643,
        "recall": 0.25675675675675674,
        "f1-score": 0.3529411764705882,
        "support": 222
      },
      "european beech": {
        "precision": 0.5413929040735874,
        "recall": 0.9196428571428571,
        "f1-score": 0.6815550041356494,
        "support": 448
      },
      "european larch": {
        "precision": 0.5625,
        "recall": 0.07692307692307693,
        "f1-score": 0.13533834586466167,
        "support": 117
      },
      "japanese larch": {
        "precision": 0.6987951807228916,
        "recall": 0.703030303030303,
        "f1-score": 0.7009063444108762,
        "support": 165
      },
      "linden": {
        "precision": 0,
        "recall": 0,
        "f1-score": 0,
        "support": 19
      },
      "norway spruce": {
        "precision": 0.6879562043795621,
        "recall": 0.8090128755364807,
        "f1-score": 0.7435897435897436,
        "support": 466
      },
      "poplar": {
        "precision": 0.75,
        "recall": 0.06818181818181818,
        "f1-score": 0.125,
        "support": 44
      },
      "red oak": {
        "precision": 0.5966850828729282,
        "recall": 0.6467065868263473,
        "f1-score": 0.6206896551724138,
        "support": 167
      },
      "scots pine": {
        "precision": 0.8084179970972424,
        "recall": 0.8716744913928013,
        "f1-score": 0.8388554216867471,
        "support": 639
      },
      "sessile oak": {
        "precision": 0.37058823529411766,
        "recall": 0.6237623762376238,
        "f1-score": 0.46494464944649444,
        "support": 202
      },
      "silver fir": {
        "precision": 0.671875,
        "recall": 0.5733333333333334,
        "f1-score": 0.6187050359712232,
        "support": 75
      },
      "sycamore maple": {
        "precision": 0.37083333333333335,
        "recall": 0.4405940594059406,
        "f1-score": 0.4027149321266969,
        "support": 202
      },
      "weymouth pine": {
        "precision": 0.8,
        "recall": 0.18181818181818182,
        "f1-score": 0.2962962962962963,
        "support": 66
      },
      "accuracy": 0.6092362344582594,
      "macro avg": {
        "precision": 0.5223970557426538,
        "recall": 0.42381493495740546,
        "f1-score": 0.42560544380167775,
        "support": 3941
      },
      "weighted avg": {
        "precision": 0.6126334927285028,
        "recall": 0.6092362344582594,
        "f1-score": 0.5823274991745278,
        "support": 3941
      }
    },
    "weighted_precision": 0.6126334927285028,
    "weighted_recall": 0.6092362344582594,
    "weighted_f1_score": 0.5823274991745278,