{
    "july-2022": {
        "time_period": "july-2022",
        "test_accuracy": 0.4032432436943054,
        "test_loss": 1.825602412223816,
        "classification_report": {
            "alder": {
                "precision": 0.0,
                "recall": 0.0,
                "f1-score": 0.0,
                "support": 77
            },
            "birch": {
                "precision": 0.14285714285714285,
                "recall": 0.12213740458015267,
                "f1-score": 0.1316872427983539,
                "support": 131
            },
            "black pine": {
                "precision": 0.0,
                "recall": 0.0,
                "f1-score": 0.0,
                "support": 34
            },
            "cherry": {
                "precision": 0.0,
                "recall": 0.0,
                "f1-score": 0.0,
                "support": 8
            },
            "douglas fir": {
                "precision": 0.4182825484764543,
                "recall": 0.8031914893617021,
                "f1-score": 0.5500910746812386,
                "support": 188
            },
            "english oak": {
                "precision": 0.24664879356568364,
                "recall": 0.519774011299435,
                "f1-score": 0.33454545454545453,
                "support": 177
            },
            "european ash": {
                "precision": 0.21818181818181817,
                "recall": 0.21052631578947367,
                "f1-score": 0.21428571428571427,
                "support": 57
            },
            "european beech": {
                "precision": 0.42857142857142855,
                "recall": 0.5,
                "f1-score": 0.4615384615384615,
                "support": 120
            },
            "european larch": {
                "precision": 0.0,
                "recall": 0.0,
                "f1-score": 0.0,
                "support": 35
            },
            "japanese larch": {
                "precision": 0.19047619047619047,
                "recall": 0.0625,
                "f1-score": 0.09411764705882353,
                "support": 128
            },
            "linden": {
                "precision": 0.0,
                "recall": 0.0,
                "f1-score": 0.0,
                "support": 7
            },
            "norway spruce": {
                "precision": 0.5462184873949579,
                "recall": 0.6435643564356436,
                "f1-score": 0.5909090909090908,
                "support": 101
            },
            "poplar": {
                "precision": 0.0,
                "recall": 0.0,
                "f1-score": 0.0,
                "support": 11
            },
            "red oak": {
                "precision": 0.6206896551724138,
                "recall": 0.2903225806451613,
                "f1-score": 0.3956043956043956,
                "support": 124
            },
            "scots pine": {
                "precision": 0.5174311926605505,
                "recall": 0.6666666666666666,
                "f1-score": 0.5826446280991736,
                "support": 423
            },
            "sessile oak": {
                "precision": 0.6666666666666666,
                "recall": 0.09195402298850575,
                "f1-score": 0.1616161616161616,
                "support": 87
            },
            "silver fir": {
                "precision": 0.42857142857142855,
                "recall": 0.046153846153846156,
                "f1-score": 0.08333333333333333,
                "support": 65
            },
            "sycamore maple": {
                "precision": 0.0,
                "recall": 0.0,
                "f1-score": 0.0,
                "support": 35
            },
            "weymouth pine": {
                "precision": 0.5416666666666666,
                "recall": 0.30952380952380953,
                "f1-score": 0.3939393939393939,
                "support": 42
            },
            "accuracy": 0.40324324324324323,
            "macro avg": {
                "precision": 0.26138221154007385,
                "recall": 0.22454286860233663,
                "f1-score": 0.21022697886366293,
                "support": 1850
            },
            "weighted avg": {
                "precision": 0.37236121651659376,
                "recall": 0.40324324324324323,
                "f1-score": 0.35175504022652654,
                "support": 1850
            }
        },
        "num_classes": 19,
        "class_names": [
            "alder",
            "birch",
            "black pine",
            "cherry",
            "douglas fir",
            "english oak",
            "european ash",
            "european beech",
            "european larch",
            "japanese larch",
            "linden",
            "norway spruce",
            "poplar",
            "red oak",
            "scots pine",
            "sessile oak",
            "silver fir",
            "sycamore maple",
            "weymouth pine"
        ]
    },
    "august-2022": {
        "time_period": "august-2022",
        "test_accuracy": 0.4988570511341095,
        "test_loss": 1.5898683071136475,
        "classification_report": {
            "alder": {
                "precision": 0.24427480916030533,
                "recall": 0.2981366459627329,
                "f1-score": 0.26853146853146853,
                "support": 322
            },
            "birch": {
                "precision": 0.23389021479713604,
                "recall": 0.2648648648648649,
                "f1-score": 0.24841571609632446,
                "support": 370
            },
            "black pine": {
                "precision": 0.5,
                "recall": 0.016129032258064516,
                "f1-score": 0.03125,
                "support": 62
            },
            "cherry": {
                "precision": 0.0,
                "recall": 0.0,
                "f1-score": 0.0,
                "support": 37
            },
            "douglas fir": {
                "precision": 0.7916666666666666,
                "recall": 0.3475609756097561,
                "f1-score": 0.4830508474576271,
                "support": 328
            },
            "english oak": {
                "precision": 0.3463541666666667,
                "recall": 0.6318289786223278,
                "f1-score": 0.447434819175778,
                "support": 421
            },
            "european ash": {
                "precision": 0.4174757281553398,
                "recall": 0.1303030303030303,
                "f1-score": 0.19861431870669746,
                "support": 330
            },
            "european beech": {
                "precision": 0.5047348484848485,
                "recall": 0.7464985994397759,
                "f1-score": 0.6022598870056497,
                "support": 714
            },
            "european larch": {
                "precision": 0.225,
                "recall": 0.15789473684210525,
                "f1-score": 0.18556701030927833,
                "support": 171
            },
            "japanese larch": {
                "precision": 0.7380952380952381,
                "recall": 0.384297520661157,
                "f1-score": 0.5054347826086957,
                "support": 242
            },
            "linden": {
                "precision": 0.0,
                "recall": 0.0,
                "f1-score": 0.0,
                "support": 24
            },
            "norway spruce": {
                "precision": 0.6564215148188803,
                "recall": 0.791005291005291,
                "f1-score": 0.7174565086982604,
                "support": 756
            },
            "poplar": {
                "precision": 0.0,
                "recall": 0.0,
                "f1-score": 0.0,
                "support": 58
            },
            "red oak": {
                "precision": 0.46994535519125685,
                "recall": 0.3926940639269406,