{
    "alder": {
        "precision": 0.5116279069767442,
        "recall": 0.546583850931677,
        "f1-score": 0.5285285285285285,
        "support": 322.0
    },
    "birch": {
        "precision": 0.4279835390946502,
        "recall": 0.2810810810810811,
        "f1-score": 0.33931484502446985,
        "support": 370.0
    },
    "black pine": {
        "precision": 0.42735042735042733,
        "recall": 0.8064516129032258,
        "f1-score": 0.5586592178770949,
        "support": 62.0
    },
    "cherry": {
        "precision": 0.16774193548387098,
        "recall": 0.7027027027027027,
        "f1-score": 0.27083333333333337,
        "support": 37.0
    },
    "douglas fir": {
        "precision": 0.6936416184971098,
        "recall": 0.7317073170731707,
        "f1-score": 0.712166172106825,
        "support": 328.0
    },
    "english oak": {
        "precision": 0.6061381074168798,
        "recall": 0.5629453681710214,
        "f1-score": 0.583743842364532,
        "support": 421.0
    },
    "european ash": {
        "precision": 0.4830188679245283,
        "recall": 0.3867069486404834,
        "f1-score": 0.42953020134228187,
        "support": 331.0
    },
    "european beech": {
        "precision": 0.7611202635914333,
        "recall": 0.6470588235294118,
        "f1-score": 0.6994700984102952,
        "support": 714.0
    },
    "european larch": {
        "precision": 0.3469387755102041,
        "recall": 0.5964912280701754,
        "f1-score": 0.4387096774193548,
        "support": 171.0
    },
    "japanese larch": {
        "precision": 0.6626984126984127,
        "recall": 0.6900826446280992,
        "f1-score": 0.6761133603238867,
        "support": 242.0
    },
    "linden": {
        "precision": 0.25925925925925924,
        "recall": 0.5833333333333334,
        "f1-score": 0.358974358974359,
        "support": 24.0
    },
    "norway spruce": {
        "precision": 0.8024263431542461,
        "recall": 0.6124338624338624,
        "f1-score": 0.6946736684171042,
        "support": 756.0
    },
    "poplar": {
        "precision": 0.4583333333333333,
        "recall": 0.5689655172413793,
        "f1-score": 0.5076923076923077,
        "support": 58.0
    },
    "red oak": {
        "precision": 0.612,
        "recall": 0.6986301369863014,
        "f1-score": 0.652452025586354,
        "support": 219.0
    },
    "scots pine": {
        "precision": 0.8458498023715415,
        "recall": 0.7935723114956736,
        "f1-score": 0.8188775510204082,
        "support": 809.0
    },
    "sessile oak": {
        "precision": 0.570446735395189,
        "recall": 0.5236593059936908,
        "f1-score": 0.5460526315789472,
        "support": 317.0
    },
    "silver fir": {
        "precision": 0.45982142857142855,
        "recall": 0.8512396694214877,
        "f1-score": 0.5971014492753624,
        "support": 121.0
    },
    "sycamore maple": {
        "precision": 0.44776119402985076,
        "recall": 0.3821656050955414,
        "f1-score": 0.4123711340206186,
        "support": 314.0
    },
    "weymouth pine": {
        "precision": 0.33707865168539325,
        "recall": 0.8450704225352113,
        "f1-score": 0.4819277108433735,
        "support": 71.0
    },
    "accuracy": 0.6059433796377703,
    "macro avg": {
        "precision": 0.5200650843339213,
        "recall": 0.6216253548561859,
        "f1-score": 0.5424837954810231,
        "support": 5687.0
    },
    "weighted avg": {
        "precision": 0.6365882707848566,
        "recall": 0.6059433796377703,
        "f1-score": 0.6115025686669221,
        "support": 5687.0
    }
}