{
    "alder": {
        "precision": 0.4411764705882353,
        "recall": 0.39285714285714285,
        "f1-score": 0.4156171284634761,
        "support": 420.0
    },
    "birch": {
        "precision": 0.20388349514563106,
        "recall": 0.17847025495750707,
        "f1-score": 0.19033232628398794,
        "support": 353.0
    },
    "black pine": {
        "precision": 0.0,
        "recall": 0.0,
        "f1-score": 0.0,
        "support": 9.0
    },
    "cherry": {
        "precision": 0.012738853503184714,
        "recall": 0.03508771929824561,
        "f1-score": 0.01869158878504673,
        "support": 57.0
    },
    "douglas fir": {
        "precision": 0.696969696969697,
        "recall": 0.6818181818181818,
        "f1-score": 0.6893106893106892,
        "support": 506.0
    },
    "english oak": {
        "precision": 0.508955223880597,
        "recall": 0.5286821705426357,
        "f1-score": 0.5186311787072243,
        "support": 645.0
    },
    "european ash": {
        "precision": 0.2328519855595668,
        "recall": 0.2986111111111111,
        "f1-score": 0.26166328600405675,
        "support": 432.0
    },
    "european beech": {
        "precision": 0.8284023668639053,
        "recall": 0.5754550792718731,
        "f1-score": 0.6791406791406791,
        "support": 1703.0
    },
    "european larch": {
        "precision": 0.24349881796690306,
        "recall": 0.4660633484162896,
        "f1-score": 0.3198757763975155,
        "support": 221.0
    },
    "japanese larch": {
        "precision": 0.3333333333333333,
        "recall": 0.6814814814814815,
        "f1-score": 0.4476885644768856,
        "support": 135.0
    },
    "linden": {
        "precision": 0.08333333333333333,
        "recall": 0.11764705882352941,
        "f1-score": 0.09756097560975609,
        "support": 51.0
    },
    "norway spruce": {
        "precision": 0.761384335154827,
        "recall": 0.5603217158176944,
        "f1-score": 0.6455598455598456,
        "support": 746.0
    },
    "poplar": {
        "precision": 0.2556390977443609,
        "recall": 0.44155844155844154,
        "f1-score": 0.32380952380952377,
        "support": 77.0
    },
    "red oak": {
        "precision": 0.5324324324324324,
        "recall": 0.5170603674540682,
        "f1-score": 0.5246338215712383,
        "support": 381.0
    },
    "scots pine": {
        "precision": 0.7921225382932167,
        "recall": 0.6023294509151415,
        "f1-score": 0.6843100189035918,
        "support": 1202.0
    },
    "sessile oak": {
        "precision": 0.35628227194492257,
        "recall": 0.4198782961460446,
        "f1-score": 0.38547486033519557,
        "support": 493.0
    },
    "silver fir": {
        "precision": 0.43322475570032576,
        "recall": 0.7687861271676301,
        "f1-score": 0.5541666666666667,
        "support": 173.0
    },
    "sycamore maple": {
        "precision": 0.43646408839779005,
        "recall": 0.32689655172413795,
        "f1-score": 0.3738170347003155,
        "support": 725.0
    },
    "weymouth pine": {
        "precision": 0.0170316301703163,
        "recall": 0.3181818181818182,
        "f1-score": 0.03233256351039261,
        "support": 22.0
    },
    "accuracy": 0.5008980960364028,
    "macro avg": {
        "precision": 0.37735393299908315,
        "recall": 0.4163782272391039,
        "f1-score": 0.3769798172755835,
        "support": 8351.0
    },
    "weighted avg": {
        "precision": 0.5823769122917755,
        "recall": 0.5008980960364028,
        "f1-score": 0.5290895924225794,
        "support": 8351.0
    }
}