{
    "alder": {
        "precision": 0.6146788990825688,
        "recall": 0.6242236024844721,
        "f1-score": 0.6194144838212635,
        "support": 322.0
    },
    "birch": {
        "precision": 0.5254691689008043,
        "recall": 0.5297297297297298,
        "f1-score": 0.5275908479138627,
        "support": 370.0
    },
    "black pine": {
        "precision": 0.6923076923076923,
        "recall": 0.5806451612903226,
        "f1-score": 0.631578947368421,
        "support": 62.0
    },
    "cherry": {
        "precision": 0.75,
        "recall": 0.4864864864864865,
        "f1-score": 0.5901639344262296,
        "support": 37.0
    },
    "douglas fir": {
        "precision": 0.8412698412698413,
        "recall": 0.8079268292682927,
        "f1-score": 0.8242612752721619,
        "support": 328.0
    },
    "english oak": {
        "precision": 0.6707616707616708,
        "recall": 0.6484560570071259,
        "f1-score": 0.6594202898550725,
        "support": 421.0
    },
    "european ash": {
        "precision": 0.6038338658146964,
        "recall": 0.5727272727272728,
        "f1-score": 0.5878693623639191,
        "support": 330.0
    },
    "european beech": {
        "precision": 0.7520215633423181,
        "recall": 0.7815126050420168,
        "f1-score": 0.7664835164835164,
        "support": 714.0
    },
    "european larch": {
        "precision": 0.6196319018404908,
        "recall": 0.5906432748538012,
        "f1-score": 0.6047904191616766,
        "support": 171.0
    },
    "japanese larch": {
        "precision": 0.8962264150943396,
        "recall": 0.7851239669421488,
        "f1-score": 0.8370044052863437,
        "support": 242.0
    },
    "linden": {
        "precision": 0.9230769230769231,
        "recall": 0.5,
        "f1-score": 0.6486486486486487,
        "support": 24.0
    },
    "norway spruce": {
        "precision": 0.7433414043583535,
        "recall": 0.8121693121693122,
        "f1-score": 0.7762326169405815,
        "support": 756.0
    },
    "poplar": {
        "precision": 0.7714285714285715,
        "recall": 0.46551724137931033,
        "f1-score": 0.5806451612903226,
        "support": 58.0
    },
    "red oak": {
        "precision": 0.7692307692307693,
        "recall": 0.730593607305936,
        "f1-score": 0.7494145199063232,
        "support": 219.0
    },
    "scots pine": {
        "precision": 0.8533653846153846,
        "recall": 0.8787128712871287,
        "f1-score": 0.8658536585365854,
        "support": 808.0
    },
    "sessile oak": {
        "precision": 0.66996699669967,
        "recall": 0.6403785488958991,
        "f1-score": 0.6548387096774193,
        "support": 317.0
    },
    "silver fir": {
        "precision": 0.7355371900826446,
        "recall": 0.7295081967213115,
        "f1-score": 0.7325102880658436,
        "support": 122.0
    },
    "sycamore maple": {
        "precision": 0.49572649572649574,
        "recall": 0.554140127388535,
        "f1-score": 0.5233082706766917,
        "support": 314.0
    },
    "weymouth pine": {
        "precision": 0.8714285714285714,
        "recall": 0.8472222222222222,
        "f1-score": 0.8591549295774648,
        "support": 72.0
    },
    "accuracy": 0.7168981888517671,
    "macro avg": {
        "precision": 0.726279122371674,
        "recall": 0.661353532273754,
        "f1-score": 0.6862728571195972,
        "support": 5687.0
    },
    "weighted avg": {
        "precision": 0.7187906615136618,
        "recall": 0.7168981888517671,
        "f1-score": 0.7163362907636847,
        "support": 5687.0
    }
}